Feature1,Feature2,Feature3,Feature4,Feature5,Feature6,Feature7,Feature8,Feature9,Feature10,Feature11,Feature12,Feature13,Feature14,Feature15,Feature16,Feature17,Feature18,Feature19,Feature20,Feature21,Feature22,Feature23,Feature24,Feature25,Feature26,Feature27,Feature28,Feature29,Feature30
-0.7413097480692747,-1.5941850029814597,0.018351353951393756,-1.106842393585885,-0.20865592003145883,1.93650189967768,0.9607892225781147,-0.009676462449375173,2.7121488084718464,-3.8209864475358564,-0.6842415977830203,1.0611504203190392,4.781378237337105,-0.7036988442304547,0.8255312153747372,0.09293966098312745,2.5814264460097487,-0.2547613647571918,0.9521964102472101,-1.3035971471899666,-2.116443533885576,1.175207822474853,0.1346692440429225,1.761145035496281,0.1465906901645712,-1.2012535243626212,0.8420421339878212,0.43554175474563467,0.5000928512124728,-0.8506024620360362
-1.1443857958329173,0.014727444259578087,-3.571590219071501,-0.06668709094263914,-0.7855303771100637,1.3161688570284134,-0.14163735131882516,-0.2709011917137455,-1.8124283435253121,-0.4225485228126427,0.8249242039178971,-2.1231122423969917,-0.33454108809276856,-2.1534201278277516,1.4731017140323277,2.6097237998276546,1.2103081413606738,1.2385198185157424,0.9798316806475305,-2.2965369172163395,1.4404556639212438,2.046721498197615,-1.0820631417252358,0.38873080928193715,0.9467991032528582,-1.0475680958951288,-1.6865205823600982,0.9556708763802948,-1.7855755540752334,0.6000160919910095
-3.5090174506324656,-1.9319908996583484,-4.120620485566597,-2.353130468268706,-1.0578938530974382,3.6999852479105204,-0.5244153512127714,-0.6939080278306923,-0.5288234061896404,-4.004485557755958,0.26950053682862507,-1.144739423984322,3.728368343012673,-5.054737041370975,3.0610757690228185,3.7077578414293755,5.160103016896711,2.1933950471647563,2.686512392777094,-4.485794819030925,0.683060833894548,2.625988413146552,-2.544421515353643,2.028786287106013,2.6115353484076502,-1.738622481234298,-0.9409980868910459,0.8620585559285043,-2.685716326782353,-0.6603068386914819
-1.2237841392334023,-1.8682510235372884,-0.321341950737397,-1.6939991202139102,1.8778058472109889,1.346285479810592,1.5897697227613201,0.027060525565745196,2.8422580897745373,-4.537713716349097,-0.8915852651773417,0.547051277948266,4.980821067633486,-2.334936282180356,1.4006263236603087,1.4234333818174865,3.226762198890999,0.7729419500280688,1.9195012535136815,-1.4693304091240682,-1.752758642088371,2.1302999886752865,-0.4688231278726143,2.6495048100130907,1.4745066848985267,-2.0528936511862943,-0.5111960215843434,-0.22016165146260203,-1.8349417594392423,-1.282922879962601
-0.6601469949055135,0.22903296616386198,-0.6167034374629773,-0.20994107440174473,-0.061351467034455896,0.3543722446212553,0.08037948177483518,-0.1237704402243309,0.7272735881104868,-1.4534575276793988,0.3986390184293744,0.5421359391743362,0.8493283940657048,-0.16411618219216678,-0.00459080982206328,0.09824896411136846,0.914559780640883,0.03530522681032758,0.2716740777759856,-0.9260413631035629,-0.6033240534173074,0.9044419191471402,-1.089020176151321,0.7350984935958329,0.15497919554176232,-0.05146416699255013,0.2816315383494389,-1.205997378186567,0.030867659379086643,0.10661720140319819
-3.135577217658315,-2.4533047331616653,-3.1334531031794706,-2.929169173455681,0.28367590609539817,3.3795085289616713,1.270180070967571,-0.9463978637000807,0.6544020867146682,-4.566987236137519,0.30635548881246893,-0.36181633147551445,4.085716770098209,-4.614802378711767,3.116849399764479,3.2042821669520167,5.289459499170831,1.3268652211101633,2.8329133740160186,-4.763892399580635,-1.9012610590400882,4.108521638240809,-1.7977616644799346,3.337962761612464,1.8756635464241347,-2.309737283396859,-1.3979768195203093,1.7083631417535234,-2.5070517802702983,0.6824364423301204
-0.9321799677843186,0.21774355543489254,-0.6280936941290916,0.285385643765202,-0.6242040753038061,0.72458428922666,-1.620568140514429,-0.6453426459423144,-0.791960827535791,0.762384015039303,0.22166795057215646,0.4210599325018216,0.2809047574371345,-0.7009415535888958,-0.7092892975357525,-0.13961547376730576,-0.1842474023345906,0.9925753021672103,0.36567106977781455,-1.6952549917978514,0.4213054754082203,1.2212479917431858,-0.7776214193018336,-0.5666860090200816,1.5379409980551921,-0.11061683530650668,-0.6604273671428971,0.2645128074135926,-0.622480752705699,-0.24058036947995737
-1.2582839911787782,-0.9789494610640644,-1.3924058149871779,-1.60980784292148,0.41002253936871347,1.5670808253610267,0.6891126129342944,0.2966769206076467,1.996211927040913,-2.4039314635935014,-0.06688994245489,-0.7262682864681532,2.9049282072982514,-1.7569944273008895,1.3488709915635895,1.873247372081663,2.899451464816063,1.1542141457670412,1.80953153268386,-1.7850012654974066,-1.3497912940048091,2.3913548981044355,-0.3180064868728424,1.7501365933257795,1.7846809306305773,-2.114091076027367,-0.4588228741623383,1.1122010621145073,-1.5426024674211432,-0.5218121831027152
-1.1014016653996246,-0.6525313375958888,-1.1924234689855733,-0.6199438241878386,-0.6986051606333724,1.4045881660589972,-0.47374530258020975,0.4769000120268985,-0.6541542787793747,-0.8441147372050969,0.8521705828376966,-0.9381876234799421,-0.04182920556716475,-0.7399988375243673,0.9522662676582228,1.3450657756999862,0.24346615186913523,0.13015712337216356,1.090723119119094,-2.0094779658574087,0.7637522588963378,0.5671792466402017,-1.4486886455675378,0.6291817096020682,1.8352725213572905,-0.36617554061259466,-0.045344200431325365,1.1926176059441511,-0.7639708373660261,-0.5599462352097111
0.601762120925178,0.4883555738323334,0.9131433662952084,0.8609914314109428,-0.3845691695326206,-1.3701846886595737,0.6571176166586068,-0.8645823271905508,0.011256364844577815,0.5198050840052685,-1.12064392355532,0.5468586479727443,-0.6207638042971908,0.9830395797931811,-0.9039296900633043,-0.9410630529480921,-1.1877540413042298,-0.48631448082668577,-0.9241075845394191,1.4045692756505919,0.6028962089188303,-0.6708609634570302,0.7556552967124661,-0.8692471504830874,-0.37883623495258956,0.10535742173107765,-0.017362383677313187,0.03538276893211248,0.922703022710663,0.6257437290870081
2.618829613578938,1.25047313865473,1.9706633493705148,2.4785494786559075,0.6926604727322584,-1.314161081721544,0.25701277073969564,-0.05621398803863681,-1.164518821119595,3.987395522699085,1.063570285064882,-0.452027401164514,-3.552245222026383,2.7028050736463545,-1.717278255869304,-1.9623242652489994,-3.0130463389847786,-0.8799285392492385,-2.923532283991751,2.7720733299576543,0.8146044581676507,-2.247854935706587,-0.06102331531570249,-1.5878458324548552,-2.407851586306088,0.8324073107250772,-0.04373122306274348,-0.14838729529001649,1.9571919974099972,-0.34923643434992496
0.028039899708743668,-1.4684703252910591,1.686998765567425,-0.4474305393579605,0.706048853522169,-0.45879741127872387,1.0807256670288308,1.1387897839627315,1.9476090603556249,-1.0003199362987556,-0.3580520121785338,1.1569745095206472,2.690116832195161,1.032213149874607,-1.4486514095927314,0.890522496861059,0.6952731084400471,-0.6528615962709037,-0.6486109046982821,0.7354723309614797,-1.5413627299978396,-0.06981843489474332,1.1994730413428971,1.7977402389679296,-0.6499641476354738,0.1402489350388468,1.0068445731940692,-0.07576184391820218,0.8686258123673724,0.5494551790261729
-0.8691698574590258,-1.4655308152399353,-1.6348540678900552,-1.060596377311446,0.5762233520089711,0.9415778586244709,1.3499409944756278,-0.48253050949771986,1.4898549015874019,-3.680614107267616,-0.6065210998864894,0.09415357275397285,2.9175900304535203,-0.7052578005362075,0.9675037284565322,1.7269140791069573,2.658935716473396,0.8432507550587619,1.1447379083827958,-0.9330251423331872,-1.4596374619651997,1.448065477994178,-0.7846687046043805,1.306960210867515,0.01547244806753878,-1.4131637172516454,0.2563150436773461,0.47987621188220425,-1.3834179772173232,0.5812355674965041
-0.8536530434895574,0.2807975780702072,-1.4202829271952981,-1.3356724836123517,-1.6500987654343078,1.0866641818737162,-0.0722650011972854,-0.9463015060771104,-0.6200575296455302,-1.050516253166142,0.6511839188755367,-1.793823125133044,0.7990193017714837,-1.818594716436671,1.6839460645003583,1.7703411710629107,1.7801033378548063,0.8176960036725593,1.3353383191467287,-2.5459247005869963,-0.07844206320235048,1.5806400159812304,-1.1242311510345375,0.2755492684494335,1.0811762970861714,-0.4928529799196017,-0.9491529865127708,0.6325887319530441,-1.8095198288798935,-0.31545049706605943
1.246391181040476,0.9986802981676002,0.3949186485547175,1.088038996198512,-0.30272170939253085,-0.4498083108975993,-0.8941901459660491,-0.3928595687063693,-0.4112558294105237,0.9786950830876113,0.6725005434577467,0.6475178791581175,-0.18779612329681117,1.706690516035883,-0.8595380263076423,-1.0063273575712555,-0.6976647252856486,-0.3751589551756276,-0.8542084092002121,0.455486814633163,0.1145124666833138,-2.191589345006319,0.2281631128326284,-1.1474511013519724,-0.2800973342252976,0.3905537227349442,0.01532077397393189,0.37838048040131866,0.1467758326678238,0.24638519794557015
-1.0503479522521864,0.5878713454555429,-0.7226318022869043,0.1942948646491102,-1.0533401642412759,0.9263556911487212,-0.7621045363728641,-0.3240572823371013,-1.7619608182742998,1.129019497663237,0.8054369317748662,-1.4484556809617994,-2.123577751211283,0.6493562890858083,1.4581485358576067,0.15924513710927812,-0.04087827229154534,0.8657691830829457,0.3493039822418468,-0.4846892713321079,0.5462828030429818,0.2246324996405878,-1.0357311315184912,-0.5945815867300869,0.4329321606038613,0.013675112427853783,-0.127284667811287,0.6213412997841111,-1.3431230638981686,-0.23061737165568708
-1.0207914874289514,0.9846933948547163,-1.8104802282120374,-0.01073298592788774,-1.1361187356485758,1.5085713057726848,-1.8612144913260302,0.14930821115133397,-2.3721160205324248,-0.32221912054367474,0.487137354097726,-2.4683853476826645,-1.278041266534639,-1.425175074686326,1.2398040062926767,2.3927149650634236,0.3297698702885068,1.3538606826158406,0.6346765647183293,-1.5301908166461855,0.11202584266363091,1.3931263018711912,-1.5396446202431053,-0.3839582337727731,0.4860612447301572,-0.1745318795152448,-0.8595678819704646,0.2169086940347677,-1.4499226923624968,0.46573281592544336
0.8155128628461834,1.0275293496048037,1.4694121650296648,-0.11506452687616797,-0.5305140442689171,-0.36952217155806777,-0.45170871249107647,-0.4924002071459356,-2.8299499654078946,0.6530284290229482,0.47544323505715913,-0.11066162121012435,-2.4684782543677994,-0.16408367836454044,-0.08211991179819055,-0.1900577706332793,-0.607247815712908,0.20613324199337138,-0.2816881438083515,-0.1727148317456526,1.6266032899223244,-0.1936507482223769,0.2949007377743775,-1.0801436113394405,0.38482112316085626,0.06361785635749984,-0.8611004661639656,-0.5082604555384899,-0.2291546196798381,-0.06192512970530868
1.6193600694729275,0.6262511705297156,-0.3766731437585895,1.4419834340052375,-0.094421289738855,-1.1270048795333019,-0.7122148688536168,-0.0213965420287245,-3.329813699018423,2.178876093685395,0.6201070935061263,-0.44837952258136454,-2.4794898636602287,0.7839297038277595,0.15570320427414164,-0.2330064296261241,-2.3033542004577185,-0.3548390811744162,-0.7508646396986163,-0.16323130564292998,1.6842102443637548,-1.2183609286697634,-0.4805967840454475,-1.3297341287051203,0.44243620863335675,-0.07524506614150983,-0.885742023423183,-0.34640787262618966,-0.28168369110145636,0.5427645680813193
-1.040447329599173,-1.1997865663228673,2.039258350403135,0.3566277032824318,1.8621152526865958,-2.1123909290157536,2.638377175847123,0.3148317878791213,4.600665391891635,-2.5346639407046423,-0.9640514843195152,2.4979734277277688,3.047238264261178,0.960675717938503,-0.9621012256314814,-1.801083170002702,0.6072159556047232,-0.21198684090925468,0.40289669259077576,1.698197535193116,-2.639047165193861,-1.0067959206584731,1.7282325188547036,1.4296541694217724,0.0939529407110784,-0.25207631095178124,1.9729339239208072,-0.03529900294547582,1.3472746911248232,-0.04100926031053537
-0.7528943911249848,0.2880861776755719,-1.7994357683276385,-1.2697255740731872,-1.2139291139070685,1.4397360041888094,-0.4373688314081403,-0.18504451280227585,-1.1489870603458037,-0.8633570090696125,0.5533153460185789,-0.618446049878911,-0.004312999539037481,-1.631325166316966,1.0986494497090986,2.064002914693978,0.9907070628678798,0.9383666038016483,1.0601116835435251,-1.3121616954650324,1.28187480592082,1.4693752244821616,-0.7860807261685354,-0.462589609787402,1.4222565198156545,0.48787079862343463,-1.0762774016470038,-0.16986170785288723,-1.4105417335335402,0.4100553774971136
2.612547010572015,1.1317244080126487,3.0196609465465367,2.6205704096300737,1.0817204859074723,-1.4093961079573694,0.7852928613807353,0.7285485319141124,0.04306255614380128,3.0100605247196537,-0.6840054719158561,0.8070172584999046,-2.5954554131501784,2.796670416249643,-2.5480736093445215,-2.9954208426503457,-3.655758824544564,-1.422793472264453,-2.179623471395856,3.598573280629456,0.9283810050900179,-3.362271427063572,2.3386462087317463,-1.2500725761990665,-1.9856382330428084,2.268746416135261,0.9378147633235876,-1.2846579682741899,2.2548288423250678,0.6622124151144775
-0.6104946467428505,0.23963843758957815,-1.1531203235987606,-0.6824344566893872,-0.7785531484895492,0.8455258378804953,-0.5634201235623456,0.5958730029193897,-0.2850153744629113,-1.2613681588384844,0.4217884725974831,-0.5750873150924272,-1.0402375261063388,-1.0179552125926836,0.07431674492058815,1.3992846395306542,0.6385188069852992,-0.17647966752940214,0.9945952840375629,-2.009359029856541,-0.08002669603030482,0.9733979857399672,-0.3781751526476538,0.8117613673681029,0.7641180065906715,-1.00547003819404,0.5934213480637678,-0.01369383563266341,0.019457600630001792,-0.3122143232059754
2.918928549302132,1.1206638849073842,3.525001724225061,2.45451140219684,1.8564122439802975,-3.100898211835453,1.3538620975266549,1.0744468079498468,1.9240990762611416,1.2456435198548845,-0.4734467760145811,1.6228891285190963,-0.008409246252527036,4.3594999397546665,-3.235424578903254,-3.8217012457843373,-3.3559324951759044,-2.3606892847886374,-1.9698772061029162,3.807902650679714,-0.11283766260668793,-2.329654987737874,1.9964598112498644,-0.9944533298033519,-2.7321738008156036,0.9393673020090115,1.88228726014172,-0.39265516127484845,3.472527031885364,0.02869397984695468
1.188524031125323,0.0033738866435236714,1.6730306141255697,1.5563674668397462,0.5363265982036991,-1.7350265419275692,0.3318197375353951,0.6055504261411874,1.373691268426891,-0.1501278509558272,-0.4204302470203331,0.7335701138304668,0.17424346996329906,1.631892934055179,-1.2910573183050806,-1.3256352856292846,-0.3548605678037733,-0.38800883226560035,-0.38481469914757593,1.7315327064054795,-0.30239913767890675,-0.5270263958528104,0.5909808678019075,-0.8791167417255117,-1.4242898918930311,0.5035492077117008,0.35258149872699396,-0.5668314847437204,1.0614696350612842,-0.37423902548389704
-0.5082768588506293,-0.43919289364428166,-1.016228071063269,-1.6295153614016864,0.644761245292718,0.6791428201545215,-1.248161294743298,-0.29716211105011997,0.5688193019379341,-1.0512061778581767,0.23718914852362333,-0.506290036531395,1.0445842027326009,-0.7899801289820515,0.39075691224100617,0.44175500564332837,1.0810099975793195,0.6938174813540038,0.3332851086796903,-0.9886434538285829,-0.18669247477527257,0.50700007245732,-0.04869893988771423,0.9539363622267177,1.0481229441892799,-0.5520499701464752,-1.189304050908835,0.1906632850769801,-0.2346232095767102,-0.16089978357820459
0.10881591242441964,-0.20621255326727184,-0.6956440596697187,-0.21123782147422454,-1.5515605034418583,0.3324242469302767,-1.7697367293083883,-0.08641435620330251,-2.505395323610859,2.5591338108946173,1.2031203739674026,-1.993650237678875,-3.39682545868984,0.1665100067567668,1.1987581024559626,0.7547778264816292,-0.6651450259769591,-0.11308206720203418,-1.3579982271256033,-0.90497462124734,1.3893879966445137,-0.14986815370287646,-1.079256420962688,-1.5181434517476478,0.897924035860579,1.113152912843367,-0.8426331024609025,0.8919011866549411,-1.1295811689016186,-0.22411979975555119
0.9825668965226004,0.2476267702096574,1.6538703874058838,0.3931843446068977,0.944514097209717,-0.8211110820551196,1.4300211157654903,-0.030116165942571133,-0.08324843609663454,1.0816587244346567,-1.1905412620331846,0.5961979560883381,-0.6175910099759818,1.2533743679678082,-1.5626738286583914,-1.7588655217717792,-0.9531758302150088,0.12518574095519225,-0.0013293983357787198,0.7665651965538116,-0.44110100575992817,-0.9891124668225608,-0.4392545787476432,-0.9086815620301445,-0.27660030910156364,1.460052052397798,0.3876988882524371,0.5148325565685411,0.9725027595370296,0.1866887604452735
0.5608393901977262,-0.3989850114565462,1.8547435836775137,0.7151748215690922,0.6981708065420972,-1.5323683286204295,1.3955638061042308,-0.16931298123708272,2.4726892768929787,-1.046368849039649,-1.9401111196987553,1.7655077209342127,2.377003702994125,2.79645568425241,-0.42233564316620253,-2.264655455211189,0.16770292383939356,-0.5102951882847508,-1.4653581265811135,1.9836451589216346,-1.0580715333415764,-0.9057027599248522,1.6040763794730963,0.5680350970386835,-0.4283320521134012,0.09664449969498887,0.9525913494442729,-0.19932015343157794,1.6838688058773563,-0.8227584967148686
1.5733747144257608,0.15541486666856288,2.0415080115779425,0.9973830623425959,0.6315575456410698,-1.668026432444705,0.8628794882873658,0.5090178252586357,1.921073661573405,0.5559309211797133,-0.6063293307548874,1.9800970780897464,-0.4153749860663293,0.9892315262361208,-0.989192911838637,-1.7292770442012457,-1.968172061755762,-1.0264337215574173,-1.151683665617969,2.205638975200625,-0.9630506822174472,-0.5736050321873047,1.3599803005929947,-0.2529930173616707,-1.115746194306767,0.8132596774610076,-0.44153829773495334,-0.15271239871197884,1.1364661778384575,0.9923527442631055
1.4982117596088445,1.786362603838183,0.9411303549926651,2.0231055383406837,0.5901674760413826,-2.030678213011329,-0.04990724450263369,0.23518835834905719,-0.42514223379631466,2.672034733744267,-0.9080837572128936,0.2593851158044021,-1.4944974066092567,2.660197154340424,-1.556309652594189,-2.254206883780508,-2.9855573782979614,-0.8100314922438001,-2.0457482915529135,3.123598334779236,0.08941590237086777,-1.9838330981363517,1.2691002332911319,-1.843946197928445,-2.0782330241306797,1.8421794805633471,-0.13463567136521937,-0.9502090245628614,1.137655092634167,0.16153912415697527
-0.8258147680551504,-0.8588428565725336,-0.0996591414446335,0.39795031646038187,-0.1212064737259052,0.6568448356050405,0.14866692361469058,0.033715915053024216,1.4458120077680388,-1.2588941532246392,-0.6200976196131647,-0.14819396764570603,1.1560996583459926,-0.7169194501965933,0.8484501033662802,-0.2706330996193136,0.6563676550701913,-0.3441711377057417,-0.19227432806045597,-0.08416754103787716,-0.5735954946400004,1.5114596684909936,-0.7862579225365417,1.4852638600957215,-0.0387787098883271,-0.7814295640963667,-0.39164507883067534,-0.22179322548537905,-0.9374888072005401,0.03218053689466138
-0.9973993158502439,-0.6358898280786199,-0.026996188250261913,0.10442629878635803,0.2423100572763966,0.19830555617615786,0.6935301183047582,0.0639283069915797,1.1905855234125686,-1.4951970971877109,-0.6734707071961521,1.326876592880481,1.2717602656070457,-0.6244464229835331,0.811930915244097,-0.05592166893925565,0.45194328122207367,-0.797550068176307,0.8065458584568099,-0.8472035715163857,-0.8665102081125726,0.5766920546584718,0.25341586903754976,0.6328754930526799,-0.06747813899561925,0.20518245786685219,1.3429475342480397,-0.12390555485250646,0.31519181956122644,0.9189268426216296
1.717871314224387,-0.9101194272423583,2.960940463544304,1.0539305376703407,1.1053089453575236,-2.9830599637383926,2.162518594934723,0.5868786961367178,4.149658113341762,-0.4969893584563545,-1.5398941943078124,2.715531614842721,2.166012333702905,2.8221279641414045,-1.4548861981661654,-2.6453952059409485,-1.0565271757088854,-1.2098299528911682,-0.7766044848203257,4.069639106066358,-1.3869400619040466,-1.1091951181665913,2.9085733960614797,0.6119632734592164,-1.348327956201789,0.6441681905088519,1.168646612140619,-0.6706225421498296,2.7207870886230943,-0.6670856776147616
-2.646381030279766,-3.059247581298134,-1.756971386977637,-2.5730050705753804,1.0981126967024712,2.274793814022086,0.6801437817867748,0.7591515609977394,3.541822156726798,-5.966937407729443,-1.3659599362785593,1.1034291229396431,7.063364891677208,-3.562603609725793,1.4566970779383803,1.3943182359304767,5.963428774440898,1.4510892201708832,2.874948899779888,-3.1617549867502643,-2.326770491366968,2.5300088550940223,0.025527925890592995,3.8659992155352985,1.6506158865945249,-2.718686663996356,0.7672339971064831,0.9925615308726639,-1.327248518323947,-0.23034446329923483
-0.43918578025495214,1.1038762607939328,-1.476431109493626,-0.08150504957529511,-1.6035186790637737,0.48000248125493317,-0.9164987253707192,0.05783652380722204,-3.1281974792337146,3.124084999515121,1.3462483022036964,-1.7630717384916108,-3.126438289106393,-1.5667558357808011,0.059819578223949454,1.5943493274914786,-1.0737353281988093,0.22534197578017445,-0.08827429337326848,-0.025494303683538277,2.336367298402796,0.2093871192439697,-1.7068490458247119,-1.51788657648306,0.9969105459659231,0.2704158398841715,-0.8256380520584968,0.02898500690808481,-0.9488109181923535,-0.9758141693935874
1.4744448078382626,1.0263726429851494,1.5073860419665084,0.18755027758091136,0.9761557775677063,-1.6866997430063082,0.20207744143220446,1.0112696726689565,0.36943414065908,0.9703339695916839,-1.0786347242168484,1.597373425384232,0.17022752691430643,1.5443151344526183,-1.0853410178799248,-1.2878355707907931,-0.818280987431167,-0.4123613197240712,-0.5983326142084706,1.4239846008674235,-0.15768551310221296,-1.7818937304774352,1.558962505709026,0.12957295234615968,-0.40432758569007554,0.3741922292610268,0.7293390516539948,0.08657433155304889,1.4370885594294727,-0.11191959305680153
-2.3559856154299346,-1.0278691131027518,-3.27522147485327,-2.6546417975341168,-1.0066813960606835,3.3823309313048133,-0.5280248638090315,-0.8189425441279068,-0.8847887475562546,-2.7461046910729885,0.6234997833427693,-1.3775848146129428,1.7717504016577965,-2.6179847479877782,2.2853019958390393,2.902328910363981,3.360531639827515,1.3551719082264941,2.483448613223086,-3.3410592991920325,1.1027755579032215,2.932789413924302,-3.3437902556260624,1.7864363819367857,1.8109781776691185,-2.2163343743609776,-1.6577980764043914,1.1683662623159097,-3.071045115297091,0.101913542874558
1.357718508913003,0.4911894317354216,1.541105997072938,1.4694693672748034,0.20797486694732867,-0.8361734271584494,0.18702729518701397,0.41729679634018757,0.4002668095546136,2.111211155859565,0.126577607643304,0.43540279586962394,-0.8794151475586434,0.9219986234018871,-0.2967130244164282,-2.051252785213726,-1.3225981440228187,-0.9314645861359374,-0.8812134937272802,1.6592245520049662,0.27112417146334805,-1.60810459678695,-0.311710364190542,-0.6782900784183792,-1.290516079039716,0.5898932804544115,-0.0188531989598415,0.5583578566913927,0.7883704367723646,0.2926867271420722
0.18498865389425667,0.8136953138267757,1.2304846233247535,-0.5219388457458352,1.972123768498453,-1.829398804404919,1.3403907268658202,0.7359290448555604,1.4481125336766798,0.24379147346204338,-0.35972641236069736,1.4472968861259545,0.002806051136167609,1.558084211966051,-0.5407689486298326,-1.3520436651937608,-1.1639983857161431,-0.01888188447720307,-0.5254536564893658,1.354382997633453,-0.9295527499117303,-1.4537868942537273,1.4118445166328955,0.32526071142162294,-2.053264910185034,0.217601474634478,1.0869413819708376,0.9361037917997734,2.2123176773632114,0.5524870865360751
0.5686835473296264,-0.11622124998260822,-0.05042339792710687,-0.7756842713120241,-0.523347151387853,0.5260483492128532,0.7437580091340852,0.24213202539083598,-0.5129457482531669,0.12689244231968833,-0.4369141682880722,-0.06442018181174414,-0.6237774541196638,-0.21765668619936412,-0.18697425865217865,0.4644159374089064,-0.733139206608205,0.4946159525902247,0.7333357379652147,0.13537767954427327,1.4053849127169042,0.36211927432866375,-0.08291179867131232,0.08766132382792047,-0.16700112314191523,1.0380419637661504,0.24402642604581648,-0.08761477757343678,-0.7963906289343177,0.2810914694075443
0.8081026573984846,0.034446819117162866,0.9204620169066671,0.3061904266603429,0.36125807005364813,-0.03235597293186143,1.1313030205534806,-0.5379138501933083,0.8106714951817254,-0.527563205076887,-0.9529181659365906,0.7990439028778891,-0.17967097647853214,-0.8214634003254236,-0.2154457001824725,-0.12312382925139265,0.5909060866219957,-0.6169209847898487,0.39070231670774663,-0.5680750725018141,-0.8929917919444837,-0.23258583452582693,0.786596568011711,0.6609698686323118,-0.049434170468796834,0.20317825979628237,1.1252241119932012,0.20979886254613866,1.4880697293284206,-0.36284018865404244
0.18567747376853108,-0.3685351500204965,0.6789643113453088,-0.036374587929315694,0.05070679207696288,-0.8915676446224728,0.42137326050604273,0.6501056158328106,1.0350232089872642,-1.759766193557879,-0.9858142158751558,1.2793986538747073,0.34063389761765167,0.10887257101852214,0.43281350558189036,-0.15609256472944089,-0.24871760085916883,-0.2678803572684888,0.9502535945225579,-0.5213218426963259,0.35940811073132983,-0.25380965983370246,0.09678825909358316,1.1181014557607636,-0.4905346572917785,0.39933886295452803,0.004254131042582654,-0.720059020882985,0.1401553007439843,0.5853291626461162
0.6919514864660932,1.0828862742263334,0.6465465968072982,0.6418564863809006,-0.2920351337127337,-0.4314038110933231,-1.450530590068905,-0.2086866221500372,-2.0650055173545585,1.8010106874508263,0.45983578043621376,-0.6915112033085338,-1.5073050623857762,1.1027564118378506,-0.3853978175875409,-0.6936937423597187,-1.2798141406664236,0.38354852811968826,-1.208856236239197,0.5446012157709954,1.3246881560333175,-1.8764446247491962,-1.2253614684738672,-1.9961315699602071,-0.30204787380515635,0.8209136185074217,0.10618885912415285,-0.28768853556553325,1.1118945534501687,0.8856697372385973
1.8270959578824992,-0.28202313386364003,2.3633793341925244,0.7856821192411803,0.5543582293074033,-2.3711290785544152,0.8058227540368291,0.7727769988553342,1.2221767147899008,0.35197909565111507,-1.2946112738385063,0.6594789623689445,-0.7159302632720328,2.5698509065721065,-1.6587385905699472,-2.110572453934061,-1.7807308419617187,-0.49244433657967446,-0.36311830043277715,2.383930275683413,-0.6479535705894375,-0.7770831526786046,1.5390969495488043,-0.7154753723479079,-0.9051739267366431,1.0176531164451297,0.05561845482445893,-0.14849652250034506,1.773897357320442,-0.7914092368388747
-1.4806312361120288,-1.0587888400757024,0.9926276733479453,0.1543609214988346,0.035255122884035206,-0.6842903692708868,1.6273531318902386,-0.43404854496021333,2.81926347213569,-1.9735312259764046,-0.38794716966257486,0.0064327160277575235,2.9996341004661,1.072926466588361,-0.504867531510772,-0.7554546417904384,1.7676622178679204,-0.8909219166329894,1.1866139349621916,0.24903128780728562,-2.3731836348309576,0.17760963810227895,0.08012144991466674,1.9181468712543044,-1.201765491292655,-1.4838760757806888,0.22147164262265595,-0.1934473500141129,1.2545798368952958,-0.07288090936682101
-0.40158348857930726,0.675612804243752,-1.6588389637671048,-0.8875035962240136,-1.0305267707236938,1.4975101446866819,0.06176171373513939,-0.2192118355303312,-1.6517561277000898,-0.21562172398302984,-0.057325957258145877,-0.49905922277739445,-1.1211453908080218,-1.2826477119610347,0.24988904233883857,0.2598061009791781,-0.7152876509842218,0.23166649317767374,0.5686323074869877,-1.2882981312511999,0.5743298626626984,0.20424817320963073,-1.3664687614946038,-0.64454870780337,0.9370817985360613,0.696089154717896,-0.6775424019728165,-0.49716515092300917,-0.3680563116749568,-0.5543062146294675
0.1495204015523888,-0.6149863452566229,0.2932130777263402,1.676635063691441,-0.11307297824102536,-0.4931922141331654,0.6519085231140694,0.11196167405695345,0.7874325738727258,-1.0665246927057126,-0.009722578678057148,0.9841915435397781,0.5512008857754744,-0.5223215713110319,0.8304334581568689,-0.9445926636817668,0.7938643988884813,0.029014798801722558,-0.350031498319058,0.3955959010508986,-1.115781114695214,-0.5158324972059914,-0.3954927361039733,0.9194536608913431,-0.3671049405659581,0.34891375431614363,-0.11853299487431629,0.3756425128507491,0.9314246126953384,-0.06398484879516847
-0.33433442863652285,0.18765458923145228,0.6258553623441235,0.5199866485115457,-0.33454178109139243,-0.8830650600080178,0.044872640282493104,0.7603516932693468,0.10637182862544992,0.9140001658373418,0.1094530662095203,-0.6671161613144396,-1.1801897453547932,-0.6541546302505007,0.9941911295281657,-0.012423697616530132,0.6624098885060633,0.022717732884412735,-1.0917933937041164,1.126026398294818,-0.006573858436432933,-0.38530508582032497,0.6998371925037115,0.2591355321401061,-1.02904851150947,0.25099342407514014,-0.7110983425234427,0.16782803278714498,0.8709451473034423,-0.22797641622882325
1.8771638928636696,0.41175308927902876,2.2613923602733443,0.5466439866201676,-0.07866255299046065,-0.8792093048680726,-0.8913877198135592,0.9357836690622323,-1.3271738871613934,2.2117751945017985,-0.523301946684906,0.07115115735967383,-1.9653343634903355,1.3246008375855776,-0.7122101468116366,-1.647118124445058,-1.2168279730207623,-0.34228152958265085,-2.5985442916471992,2.566463785115137,0.7874372045772056,-0.35484795288294047,0.3774317284125823,-2.3425212998060543,-1.0047449636424055,0.3810936480900359,0.06697318209308906,-0.6942343296763297,0.9130015647586114,-0.7467570640013026
1.6789424241825708,0.6684549359858015,2.537778486826444,0.6469829461539544,0.37305293674136775,-1.0854963441972765,-0.29400548632243795,0.7881885324008386,0.6787452034789782,2.121799645782514,0.2926318169310609,1.126640505747837,-1.034156222376645,2.321018875436761,-1.7066602740180674,-1.6527237200152372,-2.9894754411484126,-0.938003268384219,-2.023729410586731,1.3737055575109305,0.33665379071066276,-0.9330979679372403,0.9535498972125149,-1.25429261948552,-1.691704944571749,0.9780300572730036,0.5797374585982042,-0.10378269107993376,2.70597186992188,0.6040149358867062
-0.0005731382359717707,-0.8964768650207365,1.8843681783559088,0.6981646645406981,0.2857798131329071,-1.5645897798358273,0.35164060985759055,0.9523420888611054,1.3541128406605978,-0.8454423745844801,-0.06268866685999414,1.0079057621689127,0.5408197776715354,1.3639092104418258,-1.1868398081180604,-0.6544705221133836,-1.155031325739069,-1.0962623532211198,-1.078321889887058,0.8237696248716901,-1.0859954280379347,-0.8517925871189809,0.8668885840628489,0.4507840910547704,-0.7054680163457205,0.3967085962277022,1.3992457705840047,-0.294290821406757,0.21956355781986225,0.5228224664014843
1.680648590271225,1.2478864064828898,0.4699696885443756,0.18518105496026732,-0.33774360991885854,0.23413775270133985,-0.7886399874441592,-0.4324612022210691,-1.4459472202086698,2.3396662235161085,1.105514124462689,-0.6445871066250274,-2.4267013169685314,1.0699818163549222,-0.3815004866136078,0.36640383920041025,-0.6572034855456503,1.1632283184234766,-0.5521543026711626,1.5251075744627365,0.684050704311554,0.16546534801005364,-0.32474806391687866,-2.4087828916981318,-0.005966183439590406,1.3124569142431666,-0.8586010245129341,0.6313058750777243,0.6057228713722121,-0.5356374272449115
-0.9850080978068971,-1.034753731355368,-1.9080644542959662,-1.4376107824014956,-0.48430174789231933,0.8145758615857495,-0.06815692717547792,0.10365497343160834,1.5619027320622698,-1.67127820095349,-0.38344091867679786,-0.1768765595848712,1.9789532821518645,-1.5334952409179696,0.4785460012439149,0.8299329888576802,2.2423896694265055,0.7622924270474635,1.4103571461900328,-2.085812811916552,-0.6072515167067633,1.6293503590059515,-1.2073824465161733,1.3473951181722168,1.3866017195238185,-1.1523649934724178,0.36890879408912536,0.21998571926295074,-0.6813927051288944,0.5560440314547459
0.10420888460661981,0.41044290213780155,0.10847935648831807,0.38304326966244373,0.0836207489728294,0.7281749043333678,0.0137461579775294,0.38911148912186916,-0.3909926224997994,0.018025236191411498,0.37582690980382805,-0.32809593508097223,-1.0089701386660506,-0.3172366805832887,-0.09026503423089541,-0.30090707070265593,0.6115400837304071,0.8458275525057874,-0.3510117659969264,0.5035123165536355,0.9066113060271039,-0.21368265387704521,0.8265046703379554,0.09764530930785681,-0.06179092671726135,-0.7067312689091962,-0.6124643476802447,0.08107168730921566,-0.2479439329687587,0.01329791346193574
0.6820661836721746,1.6089452712236594,0.02948962380200748,-0.018869879524642474,-0.6430991387212812,-0.5590274870772192,-1.940356171368772,0.5508373785669286,-2.7905341882092816,2.7696587248944264,1.1371393879385223,-1.01945177462883,-3.2652568437793326,0.21717559569331968,-0.9980676621211781,0.028472265435279948,-1.602538452580534,0.1288462101831553,-1.178298272574681,0.6438798004716841,1.6295051461258678,-1.2081630480026118,-0.41984257904382466,-1.5994593244563502,-1.237531205339542,1.230252269709078,-0.9785493570128716,-0.7909320624330651,0.6272997568062844,0.28879972754810834
-0.9680596649438055,-2.0431171037660896,-1.631668871780878,-1.4328105755329124,-0.44215030658712184,1.471099509888075,0.7648557389636619,-0.7339447043880137,0.6753267291203682,-3.128319332448982,0.37096908961053254,-0.2028106934005134,2.57198980835414,-2.0567391720822967,0.6999563808859979,1.5084721653254698,2.7369612893435873,0.9930009052447106,1.4246358196278956,-2.1004282378932086,-1.0889184905459692,2.1634337699217636,-0.028271252443579753,1.5782109213921405,1.2941260692221057,-1.5681068772278572,0.9676339472629303,0.2817713313036768,-1.1621598018785217,-0.3583457174448527
-0.8533409569636817,-0.7605816893325477,-1.8700271997888585,-1.6170561166944015,-1.2977532619806331,2.4621589340308505,-0.7578860392598042,-1.1359371691650246,-0.5042952191645531,-1.7195371800022008,1.1814342868192853,-1.4590552664205165,0.5246695029647357,-2.187433491614468,1.9132316959663,1.9494523872525371,2.8421320286159246,1.4326682405924274,2.6630266936388587,-2.744206027007075,0.6222696066553847,1.6460060868003425,-1.54083125162578,1.4349074829324922,1.0269016551045307,-2.016742197492281,-0.13915765557759724,-0.32636167472606814,-1.692031251246257,-0.35741835772728425
-2.0413438462615394,-1.2245883022944917,-4.105073513840604,-2.114190255611753,-1.6666458963022237,2.423620595086097,-0.9673595361437914,-1.0582232846357102,-1.9313461865733401,-1.4691793288751274,0.29184332531149976,-1.8460549042288439,0.6611460840944188,-3.0062711829893285,3.204815101628691,3.660410021549064,1.983977905068703,0.7879280087204836,1.814278760018779,-2.8697038604029417,0.5109383906373018,3.243491931210656,-1.2315250889334524,1.7176758154235272,1.7938119876802008,-1.8397069802198862,-1.5641318449092936,0.6365847572722607,-2.9142996572627937,-0.5226656569881382
-0.3208006861790973,-0.49485540502361464,0.8213859762863431,-0.5818790147891741,0.6010879278154276,-0.7670841737681173,1.6328414528079693,-0.04951520983412755,3.111975602669576,-1.00612698879601,-0.6446248291609659,1.4672776334460054,2.381326323524883,0.21512975243454324,-1.5106371052863332,-0.6697660056224113,0.6410843284529708,-0.610050038183531,0.5556728973122584,0.048009154496569395,-1.052077900467181,-0.14084759550955533,1.7684497828051704,1.294885285251533,-0.4702949146031087,-0.47087831117595236,1.624190385009275,-0.959633574275969,0.6238706702746204,-0.18172717226099794
-1.6519310007992072,-0.6592241327532369,-2.5686043615325556,-0.7587524886487299,-1.2256744744078294,1.4507586360449884,-0.6220662063487432,-0.7473999445065881,-1.459438275322046,-1.1043527143242169,0.48198241791452023,-0.7236529893700974,0.706759805655369,-1.9033909568113314,1.8343995735770975,1.251412654871091,0.8242016336899933,1.3524767692736492,1.5295372941254535,-1.553489406913174,0.042265343982172354,1.488109467981261,-1.3232822750865674,0.8904113325071085,0.2678898756302033,-0.705415783057912,-0.49118214561250595,0.935285242821016,-2.0125899223266983,0.018943583620181642
1.5634966651463467,-0.541684921948301,3.621514111246113,1.1567657330527363,1.6956278364780701,-3.54469788470508,3.178765343645374,1.1544187528564487,4.383503097769969,-0.011803953452775573,-2.4185094807433334,3.1304603912229885,2.572045936098178,3.9823159921485325,-2.7309578452437906,-4.369347653499519,-2.043649549421351,-1.994046607826173,-1.0667884440392346,4.078731937841325,-1.5024699722631965,-1.8061724851936325,2.8500037422380124,0.6259618492296551,-2.6913551803110582,1.4639299230213925,2.240172886715097,-0.4410339168639704,2.4984729339740284,0.6841588957913806
1.6316777455832112,2.9251024633293126,2.384521007780179,1.1310677978646946,-0.12963217482480538,-2.307882565950885,-1.160337122024246,0.4003806134216781,-3.1361301283722685,4.132571940234849,0.8368219118977693,-0.5265963360171437,-5.40630246389512,2.3559393807166877,-1.9025377688300562,-1.6217485247292642,-4.591910332242516,0.4892510792432949,-2.51892791195015,2.908839285431649,2.202083128966918,-2.7950496702617746,0.653029494142799,-2.3194329187871356,-1.76563074224582,2.3791456065396392,0.10853453731863705,-1.8316373117877274,2.0379241618037813,-0.22706628779796023
-0.6169682040568731,-1.307582518181487,0.9324536217768071,0.29419029815770864,1.1042603326351677,-0.5495732786120915,1.8464868849784384,1.2256197233101889,2.832056210048334,-2.551532516673173,-1.3387635164893517,1.266313046734856,3.5193604228709505,-0.029908917567258275,-0.08993210455223483,-1.4115590928385,1.5275922882751827,-0.631030629211275,0.150746266992014,0.6968265618620827,-0.9708472137096837,-0.2805025917597527,1.6554072133852606,1.7518283898428066,-0.33115636573635004,-0.7996586238494188,2.2310130446309158,0.08264955534110249,1.329554912210642,0.22831897297830403
1.079927655808945,0.4345675018064754,1.6355449045164923,1.737237069130019,-0.29325626370932784,-1.5122126901043569,-0.17446910183055248,0.5331810033307605,-1.4491665002470762,3.30666024227443,0.03559196346062776,-0.9787097082516873,-4.514172229270219,1.9570736941172677,-0.24272068260896174,-1.0097235099457271,-3.0617865487410825,-1.1846709658109889,-2.1157340911445264,2.0747687843198115,1.1331474837495008,-1.0810507684174704,0.2793404788972465,-1.7096441580988206,-0.9924851131424488,1.4016504412736541,0.4928421880654831,-1.0402148315873854,0.7370739797173773,-0.4472277286197593
-0.5588298348151344,0.4919886221167375,-0.8545745472414428,-0.2503157470533629,0.03891363907686629,1.3270600262780619,-0.16307138194444742,-0.09058767167159204,-1.3737867727628132,-0.02462238467704142,0.8320821593243211,-1.1066860987656735,0.00015738880133889244,-0.5942015794417586,0.6097542515017993,0.4437076950366544,0.7867839860862014,1.3866474926828916,0.0963457235677258,-1.1761528328628186,0.051896022675687326,0.5746588103129451,-0.6466495748613741,0.8586498923389827,0.4086213640479658,-0.7715713610874715,-0.9145274048137702,-0.3277701371597831,-1.6681704812316789,-0.49037063412555887
1.2219595009437607,1.450253248948571,1.3287731971275636,0.5657639932741059,-0.6362761554609738,-1.059489406192002,-0.7837773143945652,-0.11051420890915385,-1.859624323564025,2.51306831346735,1.031676085884743,-0.18397872391062786,-3.550791680274345,1.0708001846884134,-0.6964201908418053,-1.0867122787545394,-1.5504512380327689,-0.06643521486740488,-1.05642004431343,0.8367156898504153,0.5101922415000224,-0.7812421888757898,0.2525063995626408,-2.2939488171294533,-0.8284657223073109,0.9016014988398471,-0.23513115612323426,-0.07365451795337297,-0.34276091926351815,0.40038070206893706
-1.5705466522275418,-1.2863057596711445,-1.0705811548576347,-1.6086841563570768,1.4036384223427045,2.088740688758385,0.7825436581716306,0.2352398646830684,0.7093434017236282,-0.9660152634084744,-0.25376148825172967,0.13921441770327525,2.9570854848842227,-1.2856458786316507,0.47683206653706345,0.8089592222354383,1.896820886287399,0.3598369731020281,1.514195648857093,-1.2068367575550132,-0.15470990227490278,1.0837308681430384,0.1831106033966608,2.2443249791453486,0.07064162361885906,-0.6792760867631765,-0.4786906666408698,-0.29147091784436646,0.13719977655642146,0.42927892868140005
-1.3353241184886513,-1.180320081237259,-1.2982802249034182,-2.109436393426696,-0.4626862024770157,2.0139874980841674,0.46776734359380423,-1.1329994744439436,-1.3196498016910936,-2.1247137844027995,0.2806855647701605,-0.3868108541621306,1.5210324830469353,-2.3885616746719047,0.7769009298149572,2.1073116503476035,3.028407931769985,0.5035179972344769,0.6327074526217655,-2.469794050949185,-0.38808724587490967,1.6594015052829623,-0.3615007314426508,1.4137041516947284,2.3999478270639365,-1.1332710906727363,-0.9639958643921168,1.1898676978129001,-1.509770865838957,-0.4301824533048557
-0.2209033875300883,-0.7248787775337201,-0.4910999336619668,-0.610885459894997,1.0037841167780384,-0.12790911658675796,1.1384451099961055,0.7008722435216174,2.6907071095632022,-1.791529329817371,-0.889102626830634,0.29898412741931396,1.700955544576939,-0.5646305322810298,-0.03450929305934852,-0.31757946611374266,1.281393080251668,-0.8671773643030802,0.1662950611568177,0.014383402788592375,-0.6862954873686018,-0.9694117407082097,0.154342787184104,0.8828644105210505,-1.1667371765310284,-0.2299029503447071,1.0823482492644207,-0.7987667706167584,-0.49186466039934695,0.42347674708992833
0.5460841488950119,-0.48796710973317237,-0.7340199212932749,0.2720082422796154,-0.2809589261516523,-0.06247875276897499,0.5517648580859142,0.06629856844530323,-1.4009537553819758,0.3741929054670388,-0.5411460296327539,0.11899891548749403,0.07649993514013814,0.06676795738123803,0.5912831968495218,1.203505919062861,0.28288440871154497,-0.041766652917096914,-0.5596670566043637,-0.02713227608416517,-0.2468781121181397,-0.6412594435202037,-0.43818769664448,-1.0707595305799253,-0.5037860889496422,0.27664629902119764,-0.4060463746744516,-0.15397640752007127,-0.2085330541944262,-0.9765908402736247
0.5145472255154108,-0.5909461450283444,1.6228529770586673,0.7474256435541207,-0.1576228822618453,-0.417131075025869,1.1573248323260803,-0.21618554992786243,2.5677811825680026,-1.499544111098325,-0.8297242665243726,1.6719340043206836,1.1154182527335106,1.6736411600584258,-0.896022550791567,-1.3433406602464248,0.12019825430111607,-0.6617040282731386,0.3112869480234614,1.6202204194514958,-1.1072625334409236,-1.117292080177143,1.4166218270871114,0.40461469925985694,-1.748491199735256,0.10013393732916284,0.5003485113340757,0.4503472620898029,1.2812458029232463,0.0559839963129633
0.27359949950758716,-0.6860734995184398,0.265706908248255,0.57826822896055,-0.3388901221393043,-0.7500771030535769,0.5383234377220548,0.5633267598435963,1.3964648061272553,-1.4389948297772215,-0.8576083515092021,1.4380026300907347,1.4193652928793081,-0.17167502810929908,-0.4024288987865713,1.5078499628387227,1.1477900114701682,-1.0929871381062257,-0.023417633925852943,0.4614419163010781,-0.8564756515354681,0.5506512124339635,1.3019955842772435,0.6077334028067538,-0.08142431977396808,-0.29059886857838024,0.825199745589142,0.8175304628370379,0.8096200742370794,-0.5624220005210173
1.054471129879032,-0.13847971619278235,2.0713461655219567,0.9021124911417271,0.9751456565278345,-1.0305010374397179,0.4330511150521746,0.4919004846350138,0.6565585756922341,1.2877423826891765,-0.8693370980692623,0.922411760775032,-0.44429131974240843,1.6200320985621521,-1.7188122963834598,-0.4633239586662291,-1.0718423437772042,-1.1898971936936218,-0.2807729162394319,1.0888248421319309,-0.16236338704451878,-0.19192922006573077,0.1826755685007666,-0.630243097604331,-0.7332372620149252,0.7773153926790617,0.07746208142833272,-0.6468068530628235,1.2779042731134016,0.5659634767234406
1.370405704595423,-0.1271732023877485,0.06675453349955474,0.9510810011386914,0.9449353552553175,-1.884839437994364,0.6856215600648979,0.4741638194132065,1.233019454077652,0.03964458990727662,-0.38230798666642035,1.0722142396744392,-0.6840671134363695,1.7320397644715018,-1.0818910075290638,-0.8721262244010817,-1.168455726588492,-1.5305299144591806,-0.015171887884773971,2.0813403687540175,-1.4489810471926083,-1.489685420636178,0.9246979788952528,-0.6243449189378628,-0.4897684714512141,0.05573982192381638,0.2975253607253599,-0.1351927472426085,-0.06314103789757675,-0.08884113453211478
-1.6575520674768374,-0.29701770381402415,-5.214246500428352,-2.0902418502285407,-0.7266599505813829,4.654060949299763,-2.064734234408801,-1.4183374954456474,-2.8391469166864405,-2.4794804069054983,1.1913009719045173,-2.7887308641457262,0.14742659423779475,-4.522295760302964,2.9477327012421815,4.254982433197075,4.680420413927547,2.4415670995010736,3.1091249870174362,-4.44459987820415,1.4911046319536876,2.497373706032593,-3.142873762886875,0.8959126608724421,2.822475460117739,-2.042525617316529,-1.6123565521534917,0.8730861423753596,-3.1693740867762568,-0.4155666789500413
2.542442380902754,-0.23421065253058607,4.126570390485822,1.4960048809449527,1.5710743846667918,-3.867815825857129,2.94291894127835,0.5050361061925747,4.569363946469069,0.26830512618481417,-1.9644679576461017,2.079024662837696,1.6712339753163539,3.0638742155487675,-3.0983432462368414,-4.3058718147668325,-2.308505909414625,-1.9554969417950514,-2.048329781076097,4.005858195629583,-2.64493612468502,-2.5818374916903486,3.264031340976424,-0.11512699219192007,-2.6353754025340064,1.3264271704279045,1.7757458903668089,-0.7315665362096195,3.2723126815079335,-0.7807326294605256
-1.0940225187471073,-0.26063270652482506,-1.125123954675285,0.33698589750799013,-0.5524241846034477,0.10115134771507167,0.61107581126626,-0.26621470270054054,1.4669701863193023,-1.6270193995777338,0.2080072133342791,0.38963406001605194,1.0966379894247482,0.2003181529219345,0.4223027821213253,-0.5257836044997822,1.458891504286694,0.46438452864913954,0.4641477508238165,-0.26221682928526646,0.13915680548124432,1.1019509492120168,0.4168058415402521,0.04821664677836235,0.1352550213595096,0.04980843691513798,-0.23129941367188578,-0.453117475101547,-0.014207715634004185,0.010982376186967208
0.12132655053557109,0.7071990873276129,-1.351917633121439,-0.04187010274284267,-0.248870482331522,0.22546530051115718,-0.12257225740399098,0.43370283903107754,-0.11599028834544378,0.11155331358410406,0.18055337440086733,-0.16842577172055684,-0.3445148281096844,0.4621953793993795,-0.803503123762781,-0.46025135871258627,0.8136734362325855,0.43205269171913696,0.35576425593097344,0.3898492885256526,-0.7966724398426276,0.8366369383983809,-0.7845609577377698,-0.5979952282210215,0.6804438782546063,-0.5978944605364308,0.11446093506842045,0.7326007971782257,-0.5306655801373842,-0.2999343152162188
-0.974909631777009,0.01622542839668928,-1.9618686857824057,-2.042474774020232,0.0742571332276949,2.1342222848068806,-1.8370744550570155,-0.9177407515222079,-1.401781309485902,-1.5937469222255538,0.5665565954367066,-1.2664714535059334,1.2874073865886766,-1.6433694341066665,1.5323603080019685,1.4449720564528006,1.875013554164913,1.197598047393092,1.848736743806509,-2.4324717726447265,0.38404503768949644,1.0135961769508572,-1.4720896076138332,1.2647742248045641,2.183951575469362,-1.1659426486263407,-0.8216961706507628,0.11188955205049728,-2.339199018495211,0.040253001936447375
